{"cameraMode":{"drawMode":0,"name":"Shaded","section":"Shading Mode"},"sceneLighting":true,"audioPlay":false,"sceneViewState":{"showFog":true,"showMaterialUpdate":false,"showSkybox":true,"showFlares":true,"showImageEffects":true,"showParticleSystems":true},"in2DMode":false,"pivot":{"x":8.37710189819336,"y":1.889469861984253,"z":-3.3219122886657717},"rotation":{"x":0.2171921283006668,"y":0.3079655170440674,"z":-0.07243285328149796,"w":0.9234417676925659},"size":17.630739212036134,"orthographic":false}