{"cameraMode":{"drawMode":0,"name":"Shaded","section":"Shading Mode"},"sceneLighting":false,"audioPlay":false,"sceneViewState":{"showFog":true,"showMaterialUpdate":false,"showSkybox":false,"showFlares":true,"showImageEffects":true,"showParticleSystems":true},"in2DMode":false,"pivot":{"x":3.4286491870880129,"y":1.3691158294677735,"z":-10.438250541687012},"rotation":{"x":0.2171921283006668,"y":0.3079655170440674,"z":-0.07243285328149796,"w":0.9234417676925659},"size":4.041658401489258,"orthographic":false}